year,population,fertile_women,births,deaths,labor_force,employment_count,unemployment_rate,family_income_to_basket_ratio,gdp_nominal,real_gdp_nominal,potential_gdp_nominal,output_gap_share,cpi,inflation_rate,gdp_growth,population_growth,average_wage,real_average_wage,essential_demand_units,essential_production_units,essential_sales_units,people_full_essential_coverage,full_essential_coverage_share,average_food_meals_per_person,bank_equity,bank_capital_ratio,bank_insolvent_share,bank_undercapitalized_share,central_bank_money_supply,central_bank_target_money_supply,central_bank_policy_rate,central_bank_issuance,government_tax_revenue,government_total_spending,government_deficit,government_debt_outstanding,school_enrollment_share,university_enrollment_share,school_completion_share,university_completion_share,low_resource_school_enrollment_share,low_resource_university_enrollment_share,low_resource_university_student_share,low_resource_origin_upward_mobility_share,low_resource_origin_university_completion_share,poor_origin_university_mobility_lift,school_income_premium,university_income_premium,poverty_rate_without_university,poverty_rate_with_university,skilled_job_fill_rate,inflation_yoy,gdp_growth_yoy,population_growth_yoy,avg_unemployment_rate
1,10879.25,2631.9166666666665,1642,286,7103.916666666667,5424.75,0.23648619348333336,0.9977465628833334,1165864.4204035709,1353551.9787051333,1465949.9094582587,0.1963012562916667,0.9352409998000001,0.00025582358181818116,0.010277528354545455,0.009977621154545454,11.600046713533333,13.717865362458333,117756.7095168884,134363.7532846974,103590.6757680665,8024.25,0.7420488884416666,83.04953317681667,149024.2528536957,0.16713937004166668,0.16666666665000002,0.5555555555666668,601705.3726161666,588517.1007922943,0.03730778735,75973.85597645989,62020.1707731411,20039.0684064704,0.0,444429.054298508,0.227372435475,0.08464527955833334,0.6128854231583334,0.059638451725000007,0.0011181723166666666,0.0,0.0,0.419603236275,0.0,-0.419603236275,1.0071181143416668,1.0144618556416667,0.08482816701666668,0.08788167602500001,0.7607765840583333,,,,0.23648619348333336
2,11404.583333333334,2479.0833333333335,1043,1156,6979.75,4195.666666666667,0.3990403865666667,0.7128477777,1221259.1481160754,1276184.2749620937,1926384.5077938659,0.3674109332416667,0.8610469442,-0.006534907416666667,-0.029868157425000003,-0.0008288977583333334,13.660370690425,14.333212358783333,120128.3414123007,113952.14064153189,88342.6013845098,6565.5,0.5754651468583333,69.55513207516667,145298.4440363111,0.17268227220000001,0.0,0.13888888888333337,764293.8900649797,756753.2335236385,0.03,41642.6033276787,56842.2415252203,40692.6148158973,247.47324765480002,444429.054298508,0.12912045821666668,0.007129426233333333,0.6075121437083334,0.06159392761666666,0.0,0.0,0.0,0.7118306139083334,0.0,-0.7118306139083334,0.9958290826500001,1.0368522751166667,0.37122651503333337,0.3706531458,0.9885300429416667,-0.07933148313201233,0.04751386760162846,0.04828764237730865,0.3990403865666667
3,11089.916666666666,2271.0833333333335,649,1008,6620.666666666667,3964.5,0.40131357488333336,0.6769383874333333,980981.9244766493,1028045.7608559836,1559304.784976949,0.36980376303333334,1.1385142079,0.023885189791666667,0.0073337156833333346,-0.002699010316666667,13.544662851658332,14.125481886916667,115068.5976519145,92869.870076302,82419.1776046963,4533.416666666667,0.408380648075,69.36827061648333,155173.7140980158,0.15198008023333334,0.0,0.24999999997500003,923157.3493654255,905456.3783036639,0.03,90437.679554154,35471.8137507891,38484.7178522995,4600.7348735346,444429.054298508,0.11927488845,0.0,0.6026111772166667,0.0633371597,9.342301666666667e-05,0.0,0.0,0.5682486747833334,0.0,-0.5682486747833334,0.9753519948166667,1.0176151487166667,0.5659869733916667,0.565529612725,0.6709401473083334,0.32224406063921984,-0.19674548519049362,-0.027591246209491938,0.40131357488333336
4,10513.583333333334,2026.0833333333333,607,1310,6164.75,3516.3333333333335,0.4290487757583334,0.6276007360416667,1190988.59199858,920790.6886845739,1981609.1079583433,0.39899871131666664,1.4204995863,0.018859785483333332,0.02038156545,-0.00554810735,19.96886044378333,15.43062127115,108690.6879573703,80385.4953228345,69415.34973028219,3716.4166666666665,0.35452909061666665,64.10408353493334,165085.0299009103,0.13184947360833335,0.0,0.305555555525,1117034.0557461693,1136211.966569372,0.03,169445.3938463045,39767.5626799158,60641.569889328,20874.0072094124,444429.054298508,0.06591716778333334,0.008680555558333332,0.5969479050416667,0.07665857481666667,0.0005581901166666666,0.0,0.0,0.4484760164833334,0.0,-0.4484760164833334,0.9549821186666666,0.9455344522166667,0.5576568092333334,0.5821220256333334,0.5988243390666667,0.24767840088717463,0.2140780194639862,-0.051969131117606704,0.4290487757583334
5,9897.416666666666,1785.6666666666667,632,1126,5672.583333333333,3474.0833333333335,0.387694867025,0.6644941349833333,1365429.3736451846,902009.6788675693,2118922.188538145,0.355468281075,1.641814213,0.012345895266666669,0.0081992263,-0.00413503605,24.180643570525003,15.963273834916668,101419.2280549932,79376.2222862805,70704.44106326,3974.25,0.4015026946,67.47964783725,234161.9693861026,0.13631790150833334,0.0,0.6388888889166667,1333123.179864251,1316210.8042922714,0.03,153229.657360822,43512.869409416104,61487.2424810144,17974.373071598202,444429.054298508,0.091866056075,0.03769841270833333,0.5905742785916667,0.21273332235833334,0.00042856735833333336,0.0,0.0,0.4943457957583333,0.007833099008333334,-0.4860356232083334,0.9828830431750001,0.8847742699416666,0.49056746470833335,0.6121018836833333,0.5911622389416668,0.15580055695507933,0.1464672145632211,-0.05860672304875447,0.387694867025
6,9381.666666666666,1592.6666666666667,494,1054,5285.333333333333,3110.0833333333335,0.4115174719166667,0.6451697038416667,1581870.440990772,842990.6880987681,2553206.7159448876,0.3805447072833334,1.9940116306000002,0.016572114483333334,0.017691586275,-0.004949736258333334,31.832335925075,16.956638369375,95802.7713723191,70546.8436103768,63068.9762948187,3187.3333333333335,0.3393800510916667,64.89942078125834,288347.5638408007,0.15333346618333335,0.0,0.58333333335,1587803.5279399096,1572547.5893499958,0.03,180217.0891919802,47474.9593053942,76149.83911214,28674.8798067454,460518.5055479746,0.044275047766666666,0.0,0.5861309785000001,0.21307443518333335,0.0,0.0,0.0,0.4764185329333333,0.03921226396666667,-0.05803139613333333,0.9823755820416666,0.8584938653416666,0.5057685314333333,0.6416271724666667,0.557046083075,0.21451721809403068,0.15851502210456414,-0.05210955720768884,0.4115174719166667
7,8875.5,1389.6666666666667,466,879,4893.666666666667,3010.8333333333335,0.3844742683833333,0.6982530684166667,2187523.4062683107,924282.1911209192,3370626.890182028,0.35207817724999996,2.6034086089,0.022861273658333334,0.03330391568333333,-0.0038497318583333336,44.387990950950005,18.762387880741667,90258.2969059564,69445.6836473826,63450.8055913926,3592.3333333333335,0.40479471439166664,66.80430774690834,356573.2044726121,0.15056221729166666,0.0,0.6666666667,2073640.5339529337,2115129.5139539535,0.03,522547.7292114488,69727.4661547747,91180.9648098581,21544.1419510622,484168.3192119756,0.0530416023,0.0,0.581448148925,0.210779499875,0.00023062498333333332,0.0,0.0,0.49235943425833334,0.06286526254166667,-0.19722503530000002,0.9894518889666667,0.8757966863500001,0.47856179358333334,0.6204127625583333,0.34994798525833337,0.3056135525732273,0.38287140942983955,-0.05395274471486933,0.3844742683833333
8,8730.25,1246.0,443,349,4655.916666666667,3044.0833333333335,0.34618754085,0.8346289196916667,2861519.111433593,1065043.8197887058,4158602.703024589,0.3117763587916667,2.6459387864,0.001646844541666667,0.014139485316666667,0.000895696475,60.43921228339167,22.496111335241665,88007.48309605519,78283.1424529571,70884.1852451904,4001.0,0.45808093219166673,72.79266856274167,436836.9850865407,0.14342117013333333,0.0,0.6666666667,2563955.4405928636,2541421.3844220964,0.03,615291.7100921975,94114.6329473653,96776.2324442943,9077.2211267554,494197.508118559,0.13395128669166667,0.022321428575,0.578063368125,0.20977962819999998,0.0005593709083333334,0.0,0.0,0.45875397123333334,0.0793256194,-0.12256860576666667,0.9769519869166667,0.8840620368000001,0.4421495941833333,0.6055568886916667,0.32398592545,0.01633634357457625,0.30810902559211906,-0.016365275195763584,0.34618754085
9,8950.583333333334,1175.8333333333333,500,188,4535.75,3012.4166666666665,0.33563239058333333,1.005715191225,2548852.852623417,1173750.8975161004,3660525.5274138986,0.30066567430833335,1.8164146966999999,-0.0291334681,-0.020576595858333335,0.0029060684,59.43462707623333,27.5128365068,89615.5551133801,88585.7088819952,78741.4321658564,5114.75,0.5711539964583333,75.87651778781667,551494.4583091447,0.14616393371666667,0.0,0.6388888889166667,2927607.479053558,2949385.1820639693,0.030759536633333334,606079.9532399095,64379.6577038119,73855.6659589265,12601.6701775907,494197.508118559,0.14797984534166667,0.06547619048333334,0.5780494246583333,0.2112320278416667,0.00019888623333333335,0.0,0.0,0.4777685862416667,0.10982177494166667,0.022149032408333335,0.9528368119916667,0.8647230284749999,0.38957923515833337,0.5440836907333334,0.50665295945,-0.3135084205136244,-0.10926582931453266,0.0252379179672213,0.33563239058333333
10,9336.75,1119.0833333333333,495,169,4463.416666666667,3238.9166666666665,0.27442645908333335,1.08360293195,2367573.6146580577,1251151.4623759247,3094393.276345742,0.23623837798333333,1.771656792,-0.0011788146833333329,-0.017815627475,0.0029319717833333338,52.377038335274996,27.730461881599997,92754.8783166931,91352.4202418561,81888.2779565303,5807.166666666667,0.622673032825,77.97098737167501,661286.9483061247,0.1596291265166667,0.0,0.58333333335,3197242.3237007293,3208770.510675311,0.031827797075,407479.4159560171,54660.8833719202,62977.9232456262,13423.6901753769,500930.9441934596,0.2573766956166667,0.32208994708333333,0.5775390097833334,0.21435007243333334,0.00024981107500000004,0.0,0.0,0.5710927893916667,0.13481010459166667,-0.10135391394166667,0.9416443283250001,0.8740774329833334,0.31342769597500003,0.4703424907166667,0.5994321842916667,-0.024640796389345798,-0.0711218922578355,0.04314430158183358,0.27442645908333335
11,9600.666666666666,1060.6666666666667,474,219,4341.333333333333,2932.1666666666665,0.32452302307500003,1.0091011562,1702016.0761103432,1066675.8697867861,2396839.4483932885,0.28897160324166665,1.6331620394000002,-0.006036229208333333,-0.006662716733333334,0.0022229744500000003,45.900974471825,28.78411510215,95191.9983769176,91398.6301687478,83910.2703768833,5758.0,0.5999967232666666,75.00652860375833,677012.0958305672,0.15955632935833333,0.0,0.4722222222166667,3392489.8625646667,3382893.3959004544,0.03,208775.6199059393,32294.97746011,61378.1762017791,29083.1987416694,529672.1551548174,0.01778504146666667,0.10416666666666667,0.5781169138583334,0.21785745006666668,0.0,0.0,0.0,0.5214268743083333,0.16363401676666667,-0.07254317358333333,0.9195773051166668,0.8568774013666668,0.3222490299833333,0.508921124625,0.6817207633166666,-0.07817245034443432,-0.28111376745674665,0.02826643817888086,0.32452302307500003
12,9800.416666666666,994.1666666666666,373,237,4334.166666666667,2899.4166666666665,0.33108752677500003,0.8703511136833334,1703730.8587961209,1009698.203274901,2424172.7235891833,0.29588160710833333,1.9634913509,0.016268687049999998,0.006074093258333333,0.0011615383083333334,43.885667383475,26.021776320525003,97372.7964253047,86029.808007201,79970.90093797361,4816.166666666667,0.4915751613583334,74.01668898433333,739837.4534078436,0.15919671275,0.0,0.3611111111166667,3560438.3532402334,3545519.2622459424,0.031031710833333333,226149.26639820248,35505.1847553547,70776.8319716665,35271.6472163118,565555.2972608506,0.015044456341666667,0.08531746033333333,0.578166869025,0.22119718430000002,0.0,0.0,0.0,0.44335076464166673,0.18360748115,-0.05738457524999999,0.9348508896583333,0.8549820722666667,0.349113515775,0.558643368575,0.5347022885916667,0.20226364777701922,0.0010075008749015346,0.020805846816193352,0.33108752677500003
13,9661.166666666666,896.8333333333334,427,812,4176.416666666667,2551.1666666666665,0.3896678712583334,0.7494657046333334,2009271.597254477,828528.9976133788,3143256.6287338794,0.3575451276333333,2.976794535,0.035711451125,0.025983704833333333,-0.003319609766666667,64.40541233733333,26.417311670516668,96886.5863911186,66138.2726220267,62072.4250579063,3599.0,0.3724498864916667,44.94479934626667,697319.7038585506,0.14947702604166666,0.0,0.4722222222166667,3924662.892317002,4007570.8535256195,0.03,333852.081021043,50026.4838724579,105759.4182645589,55732.9343921009,627692.4586861343,0.017708438733333335,0.19999999999999998,0.5757752294916667,0.22254688965000002,0.0,0.0,0.0,0.4823308334166667,0.19675454604166667,-0.06112373090833334,0.9722101975083334,0.7884555984916667,0.28099946604166665,0.4863583434083334,0.47744687995833335,0.5160721403919273,0.17933627067966307,-0.014208579567195234,0.3896678712583334
14,9354.25,789.3333333333334,544,663,3942.4166666666665,2551.9166666666665,0.3526267892750001,0.8236336678499999,3720599.425253262,1042865.6499128039,5432786.3831826905,0.31855451502500004,3.7497702691,0.0199419326,0.05863002283333333,-0.0010538849333333333,103.64150391879167,29.215322430300002,93793.6195352449,69447.1127785473,64579.199375376,4871.833333333333,0.5210818730750001,55.923790414991664,700222.2681142716,0.12319229995000001,0.0,0.4722222222166667,4769995.662176951,4697501.033878216,0.03,1631770.864355662,157100.9247290217,161752.4050034826,21431.6532954266,656132.8589717568,0.024554804600000004,0.476984126975,0.5723255518416667,0.2230050337416667,0.0,0.0,0.0,0.579629335,0.20865746405833333,0.022716061583333336,0.9237865620666668,0.7759778956000001,0.19791541845833335,0.34486648453333335,0.21584233400833333,0.2596671436377789,0.85171553230394,-0.03176807493918943,0.3526267892750001
15,9428.583333333334,719.8333333333334,485,307,3818.4166666666665,2763.5,0.27646889603333336,0.895294702,5742084.283176141,1170784.1494547564,7537379.643018799,0.23838831160833332,5.8433131437,0.03856245220833334,0.03351312565,0.0015760275000000002,150.21148114348333,30.576972473175,94225.4256314113,88219.3535478371,80555.3683847945,6185.666666666667,0.6560423511083334,74.86886743135834,1034270.1225963244,0.11684464212500001,0.027777777775,0.4166666666583334,5609832.496623703,5455468.190084748,0.035297183616666665,4821280.67693801,257079.79096715798,242787.5868399597,5854.7016801726,656132.8589717568,0.032728724741666666,0.4767857142833334,0.5677271339083333,0.22783195231666667,0.0,0.0,0.0,0.5744798447083334,0.223075036975,-0.007145637925000001,0.9430574116583333,0.83928206445,0.19337488089166666,0.36156726028333336,0.14080792255,0.5583123029834254,0.5433223593494687,0.007946477091518078,0.27646889603333336
16,9639.916666666666,661.25,477,222,3692.1666666666665,2611.8333333333335,0.29226082193333336,0.9104678124666666,7011631.81087625,1077979.640738213,9422423.635178478,0.25501139150833335,7.4915579949,0.02178636249166667,0.0033875080083333336,0.0022077769083333333,226.00803404638336,34.37628009095,96355.312356781,94482.0921458574,86094.980741489,7126.083333333333,0.7386552547666666,78.84930447823334,713990.1484795362,0.11147536264166667,0.0,0.5277777778,6940539.356266568,6766258.3240113575,0.03998824265,5335116.01899844,256185.2381227307,343336.8423284882,92038.4983407135,719774.6976415426,0.032694957475,0.534722222225,0.562945807725,0.23035590419166665,0.0008970441416666667,0.0,0.0,0.5663373615583334,0.24208904825833333,-0.005318931841666667,0.9430021617500001,0.8367979707666667,0.145981071475,0.31961052860833333,0.18437238578333334,0.2820736816025451,0.22109524435574457,0.022414113113493395,0.29226082193333336
17,9931.166666666666,606.0833333333334,473,148,3723.5833333333335,2651.8333333333335,0.28805830996666665,0.8719940294,7275694.073663192,898128.5260937295,9720832.028701527,0.25058769470833336,8.5063483732,0.011200374275000001,0.0015691115083333329,0.00273224045,274.51802686726666,33.864449217808335,99252.4228784544,103565.1712854152,93011.7657620491,8417.833333333334,0.8472794653583334,82.23383994855833,1114789.4073930643,0.083454567175,0.0,0.5555555555416667,9017577.414845722,8903476.301338278,0.03372518741666667,3466025.310868671,156789.4577972947,431552.749377979,274763.2915806848,977556.2726819802,0.029136037766666668,0.625,0.5571862009833334,0.23132889513333332,0.0038714848166666667,0.0,0.0,0.7473721568333334,0.2515086166666667,0.027057292516666668,0.9229775831833334,0.7653751938083334,0.07840973595,0.190974893975,0.3065094911833333,0.13545785522728848,0.03766060025817897,0.03021291677832627,0.28805830996666665
18,10274.583333333334,572.0833333333334,495,138,3323.4166666666665,2431.3333333333335,0.26912444651666667,1.1661697957833332,8751583.610092161,1165691.2057808263,11397413.326900465,0.23065731212499999,6.498387816,-0.021303100391666666,0.03999344744166666,0.0029016407,389.10545766013337,51.75816006393333,102684.02788707,110114.0848015212,99598.927176779,9483.0,0.9225196333333333,84.22755127465832,884656.3447164409,0.07453363943333334,0.0,0.6111111110916667,10596859.712522194,13143304.574302804,0.03246532710833333,3043381.3625459555,166620.65379646712,411389.6124469281,244768.95865046102,1242351.492935373,0.032014143375000005,0.0,0.5501720395416667,0.23178620074166667,0.00731802735,0.0,0.0,0.926540608425,0.25667067253333337,0.053133381675,1.0195613622833333,0.863999402,0.024357608691666668,0.05411989659166667,0.3346526101416667,-0.23605435247940898,0.20285206077746532,0.03457969020088281,0.26912444651666667
19,10716.583333333334,692.4166666666666,617,78,3425.3333333333335,2564.3333333333335,0.24759474635833334,1.8544631153666666,10009108.790134382,1969357.5058912402,12724176.53581839,0.20799446983333333,4.417493776,-0.030561705858333333,-0.038055879225,0.0042010822250000005,393.6296955344417,78.31844430390834,106984.26354398631,118159.7201852935,106043.7899410138,10373.083333333334,0.9680513134583334,84.71058151845,745206.874138942,0.046990248775,0.0,0.916666666675,11857501.253055317,11844378.051141996,0.040088450591666665,4620572.6735208025,81499.3646917154,281992.7197939763,200493.3551022608,1421035.1408966146,0.04019437846666667,0.0,0.5037992904083334,0.21468715710833333,0.0,0.0,0.0,0.9858702879750001,0.25736535215000006,0.0164749042,1.1401968183083333,1.0481410389916668,0.0209990505,0.006050519216666667,0.5220182771083334,-0.32021696748792505,0.14369115763141038,0.04301877610608695,0.24759474635833334
20,11312.916666666666,895.8333333333334,721,136,3888.5833333333335,2498.5833333333335,0.3552007094666667,3.2217389149333333,9819820.827723078,3366943.02004234,14481413.53235081,0.3212639046916667,2.8669510633,-0.03348477535,-0.004897949900000007,0.004332815358333333,403.3187781955833,138.91886808975,112334.4082622291,119789.6724081455,108318.9167197689,10345.25,0.9150173643333334,82.58719336782501,182316.1202508323,0.03959146985833333,0.1111111111,0.8888888889000001,12442984.184411693,13167193.454000922,0.03,4835551.870616644,38751.285317315196,185055.7394404941,146304.454123179,1563300.3184087577,0.040663653991666666,0.0,0.4479997562333333,0.19290725805833334,0.0,0.0,0.0,0.9003695271916667,0.25726104042500003,0.07655995773333334,1.4041589598500002,1.2821403808666667,0.06277403491666667,0.044241485625,0.8749779989416666,-0.35100054268871017,-0.01891157008882527,0.05564584483549617,0.3552007094666667
21,11872.333333333334,990.9166666666666,766,233,4348.583333333333,2602.6666666666665,0.4051203404083334,1.2348459805166667,2836583.6118564624,1180981.3042863538,4708001.19833061,0.37381088464166673,1.7269367837,-0.0403051478,-0.03534891808333333,0.003759912075,123.05285019100832,51.87007157539167,117294.6083582813,124809.707841052,109758.5273503531,10413.916666666666,0.8773334678000001,80.78349583143334,509769.3414934538,0.020064336741666668,0.38888888886666667,0.8055555555750001,13133752.547660327,13055704.411759542,0.03,2149652.9674247615,42092.0704560133,137885.3983771801,95793.3279211667,1659823.1565075573,0.011946114166666667,0.0,0.41935354718333334,0.181054112025,0.0,0.0,0.0,0.8393033906333334,0.2555547894583333,0.044120108458333335,1.3312442441166668,1.1440448497,0.08746224866666667,0.07173970464166667,0.9154045401500001,-0.3976399507453706,-0.7111369278909561,0.04944937571360186,0.4051203404083334
22,12446.916666666666,1030.5,865,322,4420.916666666667,1769.5,0.5874548225166667,0.7220411814083333,1907047.9948065863,937930.03072652,4467312.037569659,0.5657419184583333,1.6474261988,-0.0022351187333333328,-0.024290240075,0.0036643496083333337,93.49621654015834,46.988812488633336,122228.7719725028,124768.3394957423,111606.0592656196,10395.166666666666,0.8348509271416668,76.19941630000834,45161.0819504187,-0.007128416583333334,0.5555555555666668,0.916666666675,13233942.38840726,13225824.982535573,0.03223316480833333,743631.0372937073,41743.9555009913,142295.1955541476,100551.2400531562,1757912.1459398523,0.0077133245166666675,0.0,0.40177301409166666,0.174534165025,0.0,0.0,0.0,0.796794094425,0.25641476950000003,0.053911980125,1.4033591835166668,1.0405970140666667,0.05963056148333334,0.09075852719166667,0.0,-0.0460413986490269,-0.3276954760524481,0.048396832973018444,0.5874548225166667
23,12883.5,1100.4166666666667,799,427,4775.0,1735.0833333333333,0.636974143475,0.6235965205,981787.1431720622,777626.2441521911,2581194.9591457685,0.6178675194583334,1.2582767982,-0.020480670141666667,-0.021338667833333335,0.00241910995,46.03235518315833,36.39365318071667,126120.6305623585,119131.2706690952,107525.600710934,9683.583333333334,0.7515888970666667,73.4582563208,230547.658396326,0.005384038841666667,0.3611111110833334,0.6666666667,13314370.036022935,13677994.92147356,0.03,296719.8751018147,10089.3068160966,88566.7892294807,78477.4824133839,1837579.8709577562,0.0035301040666666666,0.0,0.379944197525,0.16481798135,0.0001393534,0.0,0.0,0.711768706875,0.24337698145833334,0.05541854105833333,1.9545162975666666,1.3630259724,0.14537724380000003,0.14194859310833333,0.0,-0.23621659099719305,-0.48517963583206225,0.03507562113776519,0.636974143475
24,13051.833333333334,1157.6666666666667,587,532,4907.583333333333,1803.9166666666667,0.6324249864583333,0.6155029021583334,696763.0704219163,710334.9648162792,1798996.255501418,0.6130789331333334,0.9841651557000001,-0.017892042233333336,-0.023103146925,0.00035247212500000004,29.08486301940833,29.911489574616667,128154.2833495738,115835.6342437066,104470.325735466,9244.916666666666,0.7084886182416668,72.53782339266667,246318.9114179909,0.009965876933333334,0.33333333330000003,0.6666666667,13368362.071371207,13828428.696272178,0.03,194620.3069859733,8164.6947017682005,62831.8169127453,54667.1222109772,1891158.7956002378,0.0021927406083333332,0.0,0.3628023652916667,0.15664952379166666,0.0,0.0,0.0,0.6966519837166668,0.22905297452500004,0.10544937824166667,2.1728787486666667,1.4640992556999999,0.2560815812666667,0.14666139489166666,0.0,-0.21784685443785046,-0.2903114740627585,0.01306580768683463,0.6324249864583333
25,12999.833333333334,1215.0,492,612,5050.833333333333,1979.75,0.6079370106666667,0.5985466378666667,550796.3018910896,649479.1669033325,1338787.2514923583,0.5873021165,0.8394238172,-0.012295271908333334,-0.01807544039166667,-0.0007653252666666666,20.81273977738333,24.598908883733333,128570.1283967125,113771.4026927159,101621.6290316328,8648.25,0.66528447125,70.54213720118334,268328.4938011467,0.013011976783333332,0.33333333330000003,0.6666666667,13410859.85921857,13864056.087540971,0.03,168909.8504475978,8367.270226791701,50201.542782264,41834.2725554723,1933201.3028591801,0.001551024475,0.0,0.347761322925,0.14964329340833335,0.00023775558333333335,0.0,0.0,0.64191291515,0.22108391319166668,0.14745258325000002,2.2942277062583334,1.427407416675,0.32478789435,0.1422468103,0.0,-0.14707017177117077,-0.20949268801292564,-0.003984114619912882,0.6079370106666667
26,13121.083333333334,1296.8333333333333,728,343,5218.333333333333,2303.5,0.55889783205,0.557466758475,645629.1327559676,719807.1552321416,1384875.4593705211,0.5356819284666666,0.9838748856,0.013948038400000001,0.033915207325,0.0024451370083333336,18.47020080274167,20.784944879258333,129804.6138626555,117240.3483684529,107847.2817353835,8954.583333333334,0.6823047750166666,72.68014105590834,448059.5461639911,0.019049782208333334,0.33333333330000003,0.6666666667,13450547.998033833,13564595.058753902,0.03,199952.2837757942,14441.9532513822,51203.0944619453,36761.1412105629,1971527.733631155,0.0018545315083333333,0.0,0.33293485968333336,0.14420225688333335,0.0005096128416666666,0.0,0.0,0.6732225964333334,0.21058493419166668,0.09531287361666667,2.1012960892,1.2445357644416666,0.2810922843,0.12790591313333335,0.0,0.17208359524731387,0.17217405153099485,0.009327042654392992,0.55889783205
27,13560.0,1394.1666666666667,788,425,5219.083333333333,2261.5,0.5665599126416667,0.6340485691500001,556511.0881644529,685035.7533590369,1218605.760108694,0.5437472764833334,0.8642304239,-0.008886433191666668,-0.015198556241666666,0.002240139975,17.783780468458335,22.386591890683334,133664.7211215984,122099.7143103047,110764.1550393815,9642.0,0.711422437275,73.05951867369167,426566.4462646581,0.017433874125000002,0.33333333330000003,0.6666666667,13486712.115114072,13483763.115697244,0.03,149917.2755981337,10933.584050906,46428.3207418543,35494.7366909483,2006837.9797908715,0.001628337625,0.0,0.315634511975,0.13757951833333334,0.0,0.0,0.0,0.6891821910166667,0.20326683366666667,0.026163489466666665,2.1703038624,1.359396025975,0.2510891532583333,0.13132057938333333,0.0,-0.12160536207511463,-0.13803287378173368,0.03345125211968014,0.5665599126416667
28,13876.333333333334,1496.9166666666667,817,480,5309.0,2336.75,0.5601186959416667,0.58883090565,549275.2980486731,662840.9506511753,1191290.9318224096,0.5369670483833334,0.7903963751,-0.005544116441666666,-0.006925459800000003,0.002027199,17.079111470008332,21.072095768458333,136457.3865090041,120567.88356577141,108545.6203119936,8901.75,0.6414995778416667,70.700159880975,414991.6484713815,0.02112519875,0.33333333330000003,0.6666666667,13526757.061674403,13524050.148052849,0.03,243342.9283691903,11228.0507720957,49211.1655002401,37983.1147281444,2044548.6576845348,0.0013144497,0.0,0.29866339673333336,0.13029342610833333,0.0,0.0,0.0,0.6362347912083334,0.193022804675,0.0025868206499999997,2.1667503696083332,1.4477347337916668,0.2909625934416667,0.137770247625,0.0,-0.08543329042596093,-0.013002059203610417,0.02332841691248766,0.5601186959416667
29,14275.583333333334,1570.0833333333333,917,429,5333.5,2508.9166666666665,0.5296532540083333,0.5484173385333334,654444.1885412004,696727.7217959547,1322807.581633164,0.504898162125,0.7317490326,-0.00442020275,-0.006978696808333335,0.002851893525,18.979433216708333,20.63222296945,139670.2452569932,128427.0157580903,112688.1699663967,9838.416666666666,0.6885001019166667,70.872046387975,313951.7766191512,0.023270366483333332,0.33333333330000003,0.6666666667,13576640.678787678,13572697.440239588,0.03,333971.1330119648,13045.63828451,62100.0402612413,49054.4019767311,2092076.9629608882,0.0017750372250000003,0.0,0.2848297368916667,0.12398376328333334,0.00015827793333333335,0.0,0.0,0.7019375464000001,0.18041291677500002,0.006242753258333333,1.9358725637166667,1.3741048005416667,0.25565777010833335,0.11673615030833334,0.0,-0.07419991329360542,0.19146845100470533,0.028772009896946837,0.5296532540083333
30,14793.916666666666,1619.3333333333333,1000,492,5366.916666666667,2361.5,0.5599915534000001,0.4626383274416667,733773.1314070679,698889.4566191641,1559979.8398623345,0.5368332141083333,1.2456510819,0.046300989491666666,0.06985287389166667,0.00286861775,20.047062339316668,19.47088316383333,144056.5485624033,123329.2713796922,114157.64223464689,9464.333333333334,0.6391629597166667,69.632031870025,642276.1638369672,0.025203183466666668,0.33333333330000003,0.6666666667,13636966.843210751,13796850.74888447,0.03,341502.125017273,16952.0491001978,73663.7348493932,56711.6857491954,2149796.9423495657,0.0019899206583333337,0.0,0.2739732105416667,0.11964019565,0.000594006975,0.0,0.0,0.7179057435833333,0.16786335875833333,0.019592382108333334,2.216157919275,1.6271272413833333,0.25418561529166667,0.10844081114166666,0.0,0.702292762142833,0.12121574957017645,0.03630908252435683,0.5599915534000001
31,15279.5,1646.8333333333333,1110,582,5318.0,2388.25,0.5509575667083334,0.5167467544666667,718785.9197849125,695247.4013143058,1518543.770212147,0.5273237544166667,1.1112716012,-0.008136011341666666,-0.0037518924333333342,0.002881642566666667,23.183522551016665,22.542151819891668,148024.3879079235,133110.1994867814,121159.8953397315,10507.25,0.688147827075,72.29006504451667,552464.9968166202,0.02802784109166667,0.33333333330000003,0.6666666667,13716839.553698266,13988935.497078976,0.03,210049.9558134636,11128.3386204523,81266.608601687,70138.2699812348,2221227.035755363,0.0019528193083333334,0.0,0.26449755250833334,0.11578218266666668,0.00012950013333333334,0.0,0.0,0.7435293206916667,0.15416482604166667,0.01211825045,1.9291928142750001,1.5074799083166666,0.21502037585,0.10603376806666666,0.0,-0.10787890979473169,-0.020424857467070567,0.03282317619291719,0.5509575667083334
32,16074.083333333334,1744.0833333333333,1288,301,5425.333333333333,2678.3333333333335,0.5062160872,0.585424475425,797058.7531940825,822514.8570532216,1532420.9968214934,0.4802274602,0.9562802919000001,-0.010966669658333332,-0.0005526356416666647,0.005137359275,21.987414193808334,22.953186271008335,154266.1609652161,148926.3979890853,134456.5236276581,12070.416666666666,0.7509328434416668,75.75952255476666,685824.9680812918,0.028174433500000002,0.33333333330000003,0.6666666667,13790635.021447571,13876672.113090897,0.03,310617.30847551726,13541.6146793436,77873.7464353392,64332.131755995404,2285149.082675759,0.0020686347083333336,0.0,0.250008043275,0.11034025364166668,0.0,0.0,0.0,0.7918860236666667,0.1459879037,-0.001985886541666667,1.7505357829083332,1.5470085388,0.18369979258333335,0.09036694135000001,0.0,-0.13947203287894105,0.10889589132824451,0.05200322872694363,0.5062160872
33,16993.166666666668,1869.1666666666667,1409,653,5602.25,3369.5,0.39864103886666663,0.5738286626666667,1680264.1385402482,1219653.2000232057,2610715.064994901,0.366990567225,1.818928455,0.05528201853333334,0.10229997415833335,0.0037294097333333332,30.009966460391666,21.940772869783334,161929.6414775371,120117.5852045077,112506.2160508906,9713.25,0.5723604131333334,59.42833355675833,962817.6455454715,0.04111348301666667,0.33333333330000003,0.6666666667,14175487.800376415,14166913.950636107,0.03,773275.5305878471,60783.2124671502,114699.2283628706,53916.0158957201,2349457.1313014464,0.004136552991666666,0.0,0.23356396295833334,0.10450289946666667,0.0009420902583333334,0.0,0.0,0.8366800138333333,0.13849685343333334,-0.042685991033333336,1.21987847165,1.2449013159333333,0.16736317155000002,0.071566443,0.6342262903916667,0.9020871499777898,1.1080806550418831,0.05717796245509077,0.39864103886666663
34,17569.666666666668,1924.3333333333333,1563,923,5466.416666666667,3663.9166666666665,0.3300416974666667,0.7640275371416667,5411880.104779992,2157664.894089152,7630796.7009237595,0.29478073418333334,2.9267952748,0.04080037966666667,0.128199533775,0.0030321918833333336,81.91156799924167,33.22933535695,166143.2560456613,120367.0009664528,113150.1398074131,10131.083333333334,0.5750499728916667,58.20380592050833,2729606.120614074,0.06609549187500001,0.2222222222,0.6666666667,15243377.438207105,15099304.29426163,0.03,4710905.169942867,322453.566658622,246300.8606990511,24053.3354975974,2386482.0711552002,0.013295018325,0.0,0.21864365923333332,0.09869712511666667,0.0002736417916666667,0.0,0.0,0.9071107363833334,0.12760108775,-0.02729965566666667,1.1209798414416667,1.338239044075,0.11838646360833334,0.047535448225,0.519223789875,0.6090766334182176,2.2208508059224754,0.03392540138683198,0.3300416974666667
35,18675.833333333332,2015.0833333333333,1727,332,5565.75,4882.916666666667,0.12351662406666668,1.3253986568833334,16637131.343627691,4831586.393424154,17974125.051731154,0.077385920075,3.7228024078,0.021120963675000003,0.01589138325,0.00625784275,160.21669611631668,46.46759087903333,174330.3670089289,185899.6557089926,163075.7863394831,16140.5,0.8632371893833334,75.25227159025,3398792.5782743245,0.13373523055833333,0.0,0.33333333330833337,17342708.52146793,20048329.540303733,0.06120157103333334,16003091.583896266,912601.477772631,390694.9965663728,1712.8282166794,2386482.0711552002,0.07067596993333335,0.0,0.20495827330000002,0.0936200163,0.0,0.0,0.0,0.9707014793083334,0.1225064962,0.005726330166666667,0.9652714702083333,1.2980343785416666,0.044370639875,0.017348442808333333,0.3660088744166667,0.27197226258143203,2.074186977818134,0.0629588874765219,0.12351662406666668
36,20221.833333333332,2138.9166666666665,1798,183,5419.916666666667,4793.75,0.11324091473333335,2.0207227778666668,6640696.996583309,2597608.167281505,7416474.286504298,0.07906142223333333,2.7338641999,-0.022036819550000003,-0.014715843650000004,0.006705443916666667,184.43966457748334,74.598426478225,187022.2482675757,201675.2217313872,180432.8159822448,17911.0,0.8873458814416667,77.36965757938334,2885068.7452168055,0.13613008505000002,0.0,0.16666666665000002,18995012.659310576,19921222.24006937,0.06311100662500001,4381272.693780756,125708.3518613774,352079.9508177236,226371.5989563461,2386482.0711552002,0.08838914377500001,0.0,0.19238103191666667,0.08862565161666668,0.029465541491666667,0.0,0.0,0.9948185103083333,0.119332638675,0.005887485266666667,1.0620009306666667,1.5068298585166666,0.04563439595,0.028025286175,0.6376071243416667,-0.2656434856246952,-0.6008508402425512,0.08278077729686317,0.11324091473333335
37,21837.666666666668,2257.25,1846,214,5793.166666666667,5241.166666666667,0.095219704925,1.740252045425,12109673.38002536,4569002.9035508465,12692977.962914232,0.04814144140833334,2.0486233232,-0.022287760841666667,0.042179683125,0.006268914383333333,167.38007071651666,62.973200394975,200748.8617898779,223048.525055605,195245.8877292221,20144.416666666668,0.9214325917666667,77.96977330570833,4652079.175501853,0.12087003930833334,0.0,0.16666666665000002,20543179.329984,20590654.009619255,0.059303629850000004,2907027.3142014006,309082.1803866669,366077.4794639228,66950.8036310789,2386482.0711552002,0.05442535259166667,0.0,0.17983676525,0.08455990115,0.0013661202166666668,0.0,0.0,0.9992576095,0.11804008910000001,0.0008417508333333334,0.9744811267916668,1.45333524565,0.04360329055000001,0.02957941484166667,0.6547244961833333,-0.250649200763178,0.8235545736021208,0.07990538279582315,0.095219704925
38,23484.75,2414.0833333333335,1904,233,5993.333333333333,5657.583333333333,0.05539663729166667,2.1616626072583336,14138438.387379533,6041245.455499713,14366734.38179063,0.016084053533333333,2.6439012837,0.023185532033333334,0.007643761408333334,0.005965026858333333,174.73847900265832,75.30292907416667,215069.6949582146,234581.5183945829,210811.7107013367,22409.333333333332,0.9539242607333334,76.22765641775833,5224524.23781221,0.131008840925,0.0,0.0,21733770.38723308,21682776.543959703,0.08783364516666668,3614282.6601499147,395976.4764124761,354460.6544831108,8049.4556382638,2386482.0711552002,0.051896813016666675,0.0,0.16457535045833335,0.079254945975,0.0,0.0,0.0,1.0,0.11813978233333333,0.0,0.9118037203666667,1.3827546525416665,0.04232205531666667,0.031431927650000004,0.765277945775,0.2905746282191892,0.16753259511528817,0.07542396165646514,0.05539663729166667
39,25195.166666666668,2603.5,1957,209,6202.916666666667,5824.416666666667,0.060558213500000006,2.096755954875,15465163.131000347,6326752.743841619,15733085.423124734,0.016792203158333335,2.8376145305,0.007127800524999999,0.008304602708333332,0.005814815666666667,186.59248866596667,76.16824596154167,230154.754136354,250774.3180896405,225099.234757699,23735.083333333332,0.9427003246083334,77.5468224963,3963367.264083501,0.14167833899166668,0.0,0.13888888887500003,23234177.656671174,23646175.10560657,0.07727254224166667,7306014.4149101935,440887.8905753721,402351.8400354801,40246.3322352638,2386482.0711552002,0.05252510149166667,0.0,0.15082483719166667,0.07375876536666666,0.0,0.0,0.0,0.9998123123083333,0.11716117921666667,0.00021258503333333332,0.9491423805,1.4621331061416667,0.04427236696666667,0.031365360375000005,0.29147776561666666,0.07326795746659198,0.09383813878660718,0.07283095058140576,0.060558213500000006
40,26941.25,2795.6666666666665,2044,287,6516.166666666667,5872.166666666667,0.09926583430833334,1.941625149925,13433583.354532354,4976830.928393065,14169437.149266768,0.051858772941666666,2.5773150337,-0.007221272441666667,-0.020611459716666666,0.005462706633333334,207.92215477755835,77.0845487915,245957.1465566622,269629.417517158,241222.505214204,25772.833333333332,0.95668427075,75.76198815370833,4093291.786545843,0.12775495555000002,0.0,0.16666666665000002,24048056.33231258,24040558.39221781,0.06237085456666667,2151442.534756824,119755.0622077386,457444.4726046844,337689.4103969456,2386482.0711552002,0.033463131916666666,0.0,0.137595451925,0.06847845979166667,0.0,0.0,0.0,0.9990534422166667,0.11800519226666667,0.0010733566416666668,1.120725956125,1.7131641173583334,0.044117648658333335,0.031584199758333334,0.7931815627166667,-0.09173180289365579,-0.131364910881259,0.06930231327437131,0.09926583430833334
41,28709.416666666668,2926.5,2051,353,7083.416666666667,6455.166666666667,0.08975735538333333,1.7251387693583335,16419272.22081007,5506280.909885222,17120204.61059377,0.04184984778333334,3.4155520625999998,0.024152588025,0.027607541025,0.004958998125,199.69569003454168,67.08764634811666,262187.719468101,271955.5316482077,249200.4538419175,25158.083333333332,0.876184747525,74.46073842948333,7372079.684471767,0.149158134725,0.0,0.0,27285093.803793944,28267721.558983278,0.06947136113333334,4998852.797542134,264145.2993514209,525040.9140979118,266318.9658186774,2583264.105072229,0.024460335250000003,0.0,0.12337488388333334,0.06309243268333334,0.0,0.0,0.0,0.9986725147666666,0.11579137464166667,0.0015001293416666665,1.0717455678083334,1.6086172710750002,0.043634546158333336,0.036272673650000004,0.609242177425,0.32523654188158146,0.2222555804717865,0.06563046134335515,0.08975735538333333
42,30433.5,2950.6666666666665,2054,276,7275.166666666667,6706.416666666667,0.07810818049166666,1.4296824356416666,22954327.133082338,5227535.404896585,23704517.841070246,0.029625200608333336,5.0698874256,0.033765176258333335,0.046296692675,0.0048950310250000005,257.5358758748917,58.95774112893333,278311.6504563387,296110.7621005767,268558.0571432484,27412.916666666668,0.9001750524416666,76.3685614581,7087554.025127716,0.16852499510833333,0.0,0.13888888888333337,29372518.61944915,29335289.152555075,0.079933691325,6718383.634161212,742128.7761672296,884471.2688712102,143343.6019882343,2754816.706153842,0.030783113475000002,0.0,0.11041889358333334,0.05920757561666667,0.0,0.0,0.0,0.9935776873166667,0.11122157631666667,0.0072216101750000004,0.835606597875,1.2495854511,0.04335068055,0.05034656671666667,0.14979730068333333,0.48435372457496095,0.3980112409604626,0.060052886248124215,0.07810818049166666
43,32208.916666666668,2997.25,2089,279,7250.916666666667,6530.25,0.0993997996,1.6438344898666666,26748320.93115772,5949921.180076166,28235808.066599194,0.051999789058333336,3.8263468239,-0.022250375308333334,-0.0017978441666666664,0.004704470833333333,330.58733639260834,74.5733110749,295436.4185203759,329434.5490904588,290219.717525499,30670.083333333332,0.9523435046750001,77.68853221491666,8569376.166703455,0.16550702869166667,0.0,0.33333333332500004,34527818.12006585,41150054.237497486,0.056956565300000005,23751756.38130631,737556.1740062241,1049930.0528116697,312373.8788054456,3060359.4660781636,0.032779044875,0.0,0.1008665655,0.055831263325,0.007491458675,0.0,0.0,0.9930882483,0.106241950925,0.007736828841666667,0.80161207705,1.2778182394333333,0.044392886066666665,0.05254441869166667,0.23475943955,-0.24527972661105635,0.16528447016019854,0.05833757755981628,0.0993997996
44,33767.166666666664,3082.1666666666665,2042,668,7403.833333333333,6827.0,0.07853006404166667,1.6339507155666666,37085682.118009195,6851191.078578742,38332485.35577801,0.03003164635,6.471465609,0.045378290158333334,0.04901356806666667,0.003400490416666667,410.11380377747497,75.96719463483333,311319.3513915762,298982.3768827619,278809.9819702614,27653.333333333332,0.8183215846166667,68.14488970508333,11112634.003712654,0.18830170773333332,0.0,0.47222222222500004,41205251.31202573,41186462.11659109,0.080509985675,27000590.197955564,1355399.2682382301,1288694.3037248638,29537.517318092898,3143590.113531065,0.040771806833333334,0.0,0.09194165620833333,0.05274735730833333,0.009615606866666668,0.0,0.0,0.9940797807666667,0.10212853572500001,0.006593587508333334,0.6934359482833333,1.1383702037749999,0.04205490265,0.046539060641666664,0.094313668425,0.6912909118896771,0.38646766701569013,0.048379460139143626,0.07853006404166667
45,35434.5,3234.8333333333335,2169,294,7380.916666666667,6782.333333333333,0.08172740306666666,1.952077975858333,40378420.12066797,7110377.625096398,41921966.61974051,0.035352039833333335,4.8271814522,-0.021289617216666668,-0.018417521850000004,0.0044294320000000005,532.3753034570417,95.34251771727499,327897.1248706889,368510.4664913292,323603.5671951077,34027.5,0.9604442008666667,78.5546777108,5615009.395411424,0.13159412743333335,0.0,0.5000000000000001,44754832.9097188,44524330.93325663,0.068050544775,29773581.774106972,705715.8303340313,1525312.006706021,819596.1763719897,3772864.971648497,0.04274649088333334,0.0,0.08264062683333333,0.04909312215,0.00049603175,0.0,0.0,0.9966865541750001,0.09921608208333334,0.0036791886750000002,0.7200430456916668,1.223889306775,0.04142920475833334,0.05732404898333334,0.22283646102500002,-0.2540821903639974,0.08878731129121631,0.049377353741060226,0.08172740306666666
46,37249.916666666664,3409.8333333333335,2248,367,7749.5,7161.583333333333,0.07575587545,1.8726578011750001,39539653.1958267,6068205.06076012,40826665.25849883,0.032299078675,5.0795226001,0.008540180558333332,0.014310946,0.0042190608000000004,605.89052510625,93.11077541826666,346254.3557482256,378097.19059131714,333804.4676415509,34291.75,0.9195311318,75.34941159319168,8659412.763466477,0.093859749675,0.194444444425,0.38888888886666667,49094680.72076449,49756283.45666279,0.08754592370000001,13166679.414065838,246841.4759728614,1752248.7232357427,1505407.2472628814,5281712.492159754,0.03625065176666667,0.0,0.07372046711666667,0.044836773308333334,0.0,0.0,0.0,0.9981840383416666,0.09680254924166666,0.0020105066166666665,0.7937514588000001,1.3313745505333334,0.037364031208333336,0.09194692441666667,0.5189848834583334,0.052275049197704204,-0.020772653371149086,0.05123302619386938,0.07575587545
47,39273.75,3626.5833333333335,2415,357,8344.75,7650.666666666667,0.082623440075,2.09608172515,50042806.33017294,8907978.831988258,51983296.45675804,0.04137590061666667,5.762194523,0.0134490903,0.040090720041666666,0.0043845604166666665,568.633373490875,104.38272219964166,366454.7919561155,397635.4292280701,359883.4218291406,37721.0,0.960365405075,77.51948106209167,6486005.842212811,0.06683339949166667,0.44444444443333336,0.58333333335,54581386.93272879,55894507.96955596,0.081620879925,25482440.817701675,462337.605325212,1642622.215210782,1180284.60988557,6515011.261365971,0.041533122225,0.0,0.06478351543333334,0.04039505639166666,0.0,0.0,0.0,0.9990902370916667,0.09350157710000001,0.0010030529916666667,0.6189803962166667,1.0167222318416667,0.034593979500000004,0.12796532050833334,0.6537068198416667,0.13439686691945418,0.2656359448153889,0.054331217743216476,0.082623440075
48,41446.416666666664,3851.1666666666665,2594,341,9220.916666666666,8035.166666666667,0.12891359008333333,2.6115177823,72061448.57751772,14409700.390034981,79067689.89245579,0.08425733303333334,4.8934769831,-0.012697178708333333,0.0026738164500000015,0.004550300075,635.4168749965751,126.85930900410834,387957.1098383142,428029.3987851552,380838.2283105267,39019.833333333336,0.9416932803166667,78.25258074540834,9419570.329678893,0.12278579337500001,0.1111111111,0.6111111111333334,60290959.940780476,59378165.88794032,0.05340337794166666,46151074.25553283,2180558.237314507,1605491.6604136473,100739.1912983555,6616206.719697833,0.058624171941666664,0.0,0.05640536695,0.036129592675,0.0,0.0,0.0,0.9985487495083333,0.08932655468333334,0.0015930045083333334,0.6751051295666667,1.0754021216416667,0.030711982125,0.17230011997500003,0.1144506554,-0.15076157815090818,0.43999615253529045,0.055321090210806556,0.12891359008333333
49,43761.416666666664,4123.583333333333,2810,453,9339.25,7800.166666666667,0.16524902805833333,2.6550924946666665,46277065.06208581,10689357.604925737,52768129.30859055,0.12131476639166668,4.7329554862,0.0010212045499999984,-0.015380421533333336,0.004509051108333334,604.968214901025,141.21903731713334,410781.2666512427,440854.4007667741,396696.0069356599,40295.5,0.92101738535,76.34807610758334,9150324.20003575,0.10211038456666667,0.24999999997500003,0.44444444443333336,64152094.96292739,64853267.303277224,0.06057907818333333,6099499.41485939,443562.032089563,1347600.3241322897,960993.7612919051,6788788.216151349,0.036605781075,0.0,0.048511657816666665,0.03224004884166667,0.0,0.0,0.0,0.996182600025,0.08528331461666668,0.004178047458333333,0.872799796525,1.3363233158333332,0.039356080575,0.20430075348333335,0.63098819595,-0.032803157643200076,-0.35781106298043974,0.05585525085602505,0.16524902805833333
50,46240.666666666664,4456.916666666667,2716,414,10830.25,8658.25,0.198869205575,2.847614706016667,52968864.22627058,12912699.130977163,62856167.44855838,0.15979669288333334,3.3427182896,-0.027604375841666667,-0.027442418825,0.0041805289333333336,573.4323167830167,143.206883448075,435241.3071053874,481054.6907610244,418926.1538609899,42799.416666666664,0.9259352461666667,77.792050056425,5514621.555334881,0.074004416625,0.33333333330000003,0.5000000000000001,67824789.269181,67911664.2791857,0.04647557626666667,5232279.339217971,309614.1757491363,1394457.0041511664,1084842.82840203,7868426.536627655,0.04006131864166667,0.0,0.040966234125,0.028199659683333336,0.0,0.0,0.0,0.9813367005916667,0.07793467421666667,0.020209355600000003,0.8932445783083334,1.312687551725,0.10100079195,0.25068781707500004,0.8416675308333333,-0.2937355317736561,0.1446029292308615,0.05665378748783656,0.198869205575
